Author,Number of Publications
Pocajt, V. V.,9
Antanasijević, D. Z.,9
Perić-Grujić, A. A.,8
Liu, Y.,7
Wang, Y.,5
Zhang, Y.,5
Tambouratzis, T.,5
Li, Y.,5
Ristić, M. Đ.,5
Stamenković, L. J.,4
Wang, X.,4
Hassan, M. F.,4
Wang, S.,4
Yan, J.,4
Sharif, S.,4
Deo, Ravinesh C.,3
Wei, H.,3
Miyamoto, A.,3
Wang, Z.,3
Zhang, J.,3
Sun, C.,3
Shi, Y.,3
Deo, R. C.,3
Wu, J.,3
Safavi, H. R.,3
Li, Q.,3
Zhao, Y.,3
Alex,3
Saman, M. Z. M.,3
Kisi, O.,3
Lu, X.,3
Li, W. D.,3
Glushchenko, A. I.,3
Ristić, M. T.,2
Ristić, M.,2
Mossa, G.,2
Mummolo, G.,2
Vinodh, S.,2
Wang, L.,2
Mugica, F.,2
Callou, G.,2
Wang, H.,2
Jamalipour, A.,2
Buscema, M.,2
Ferreira, J.,2
Rankothge, W. H.,2
Weerakkody, W. A. N. D.,2
Jiao, L.,2
Aydin, Hakan,2
Karimi, M.,2
Masinde, M.,2
Yaseen, Z. M.,2
Baklacioglu, Tolga,2
Yang, Z.,2
Yang, X.,2
Yang, Q.,2
Mazzei, L.,2
Yang, L.,2
Ristić, M. D.,2
Barata, Jose,2
Yan, X.,2
Xu, B.,2
Xie, X.,2
Jurado, S.,2
Josua, A.,2
Muthusinghe, M. R. S.,2
Wijeyesekera, D. C.,2
Castañeda-Mir,2
Hua, D.,2
Udmale, S. S.,2
Peng, J.,2
Facchini, F.,2
Petrusheva, S.,2
González, M.,2
Shen, L.,2
Sharma, A.,2
Pino, R.,2
Diappi, L.,2
Dini, P.,2
Pocajt, V.,2
Ruschel, A. R.,2
Russo, Tommaso,2
Golmohammadi, M. H.,2
Doganer, S.,2
Ponte, B.,2
Dominguez, D.,2
Satapathy, S.,2
Dupont, W.,2
Rahim, N. A.,2
Sahoo, K.,2
Shuai, C.,2
De Farias, C. A. S.,2
Cataudella, Stefano,2
Singh, S. K.,2
Celeste, A. B.,2
Turan, Onder,2
Tsai, Sang-Bing,2
Hosseinzadeh-B,2
Hervás-Martínez, C.,2
Tan, Y.,2
Avellana, N.,2
Chen, X.,2
Chen, Y.,2
Reis, L. P.,2
Omar, B.,2
Christodoulou, S.,2
Palliyaguru, S. T.,2
Hani, A.,2
Han, S.,2
D,2
Parisi, Antonio,2
Guo, H.,2
Soares, C. P. B.,2
Kato, O. R.,2
Leite, H. G.,2
Zhang, X.,2
Maciel, P.,2
Zhang, H.,2
Lu, Y.,2
Antanasijević, D.,2
Mani, S.,2
Ko, Y.,2
Manic, M.,2
Lu, C.,2
Li, K.,2
Lallahem, S.,2
da Silva, L. F.,2
Lin, Y.,2
Li, X.,2
Liu, J.,2
dos Reis, P. C. M.,2
Zhang, S.,2
Li, Z.,2
Zhou, Z.-Z.,2
Liu, X.,2
Kumar, A.,2
de Souza, A. L.,2
Adamović, V. M.,2
Zhang, F.,2
Guerrero, C.,1
Guimaraes Santos, Celso Augusto,1
Gristina, Michele,1
Grosvenor, R.,1
Groza A.; Prasath R.,1
Grüning, A.,1
Labadie, J. W.,1
Grundmann, J.,1
Guedria; W.,1
Guardiola, J.,1
LaMore, Rex,1
Griffin, Terry,1
Grzybowska, K.,1
Lai, X.,1
Lachance, C. C.,1
Grezmak, J.,1
Gong, M.,1
Gong, Y.-D.,1
Gonzalez Diaz, B.,1
Lascari, G.,1
Langari, R.,1
Gonzalo-Vazquez, G.,1
Lam, Nina S. N.,1
Lam, N. S.-N.,1
Lam, J. S. L.,1
González-Mejía, A. M.,1
Gopalakrishnan, P.,1
Gorji, M.,1
Goudarzi, Maziar,1
Govone, Jose S.,1
Gunasekaran, A.,1
Gracia, J.,1
Graham, I. D.,1
Laciana, Carlos,1
Gravelsins, A.,1
Gunaratnam, D. J.,1
Kim, J.,1
Gungor, K.,1
Harudin, N.,1
Hashim, M.,1
Hashmi, H. N.,1
Hassan, M.,1
Kuo, Ping-Huan,1
Hatti, M.,1
Hatwágner, M. F.,1
Hatziefthimiou, N.,1
Hatzig, S. V.,1
Hawkins, G. L.,1
He, J.-F.,1
He, S.,1
Kumar, S.,1
He, Y.-Q.,1
He, Zhibin,1
Heck, V.,1
Kumar, R.,1
Hedayatnia, B.,1
Heddam, Salim,1
Heisel, U.,1
Helfert; M.,1
Hemalatha, M.,1
Hasan, H. A.,1
Harris, E. L.,1
La Gennusa, M.,1
Hansen, James,1
Kóczy, L. T.,1
Guo, J.,1
Gupta, S. M.,1
Gurau, Andrei Marian,1
Guzman, A.,1
Gómez-González, J. F.,1
Haanpaa, D.,1
Kyratsis, P.,1
Habeeb, H. N.,1
Habermann, Gustavo,1
Habib, V.,1
Hadihardaja, I. K.,1
Haghighat, Fariborz,1
Halkijevic, I.,1
Hamdi, M.,1
Han, D.,1
Han, M.,1
Kwon, H.-B.,1
Han, Z.,1
Kwak, J.,1
Kuonen, P.,1
Gupta, S.,1
Laurinec, P.,1
Gomez-Sanz, J.,1
Lee, J.,1
Lee, Y. T.,1
Froeschke, B. F.,1
Lee, V.-H.,1
Lee, Siew Eang,1
Froeschke, J. T.,1
Frolova, E. E.,1
Fu, Zhumu,1
Fulwani; D. K.,1
Funk, M.,1
Lee, S.-G.,1
Földesi, P.,1
Fúr, A.,1
Galelli, Stefano,1
Gallardo, Marta,1
Gallardo, R. S.,1
Gallo, C.,1
Lee, Kichun,1
Gallo, Mariacristina,1
Lee, Jong Yun,1
Galupino, J. G.,1
Gambin, A. F.,1
Frey, Ulrich J.,1
Franco, R. I.,1
Fraile-Garcia, E.,1
Ferreira, Joao Dias,1
Lehký, D.,1
Legare, F.,1
Fernández-Alemán, J. L.,1
Fernández-Izquierdo, M. Á.,1
Ferreira, Adriano,1
Ferreira, Andre R.,1
Ferreira, E. C.,1
Ferreira, E. J.,1
Lee; R.,1
Ferreiro-Cabello, J.,1
Foufou, S.,1
Lee, Yuan-Shin,1
Ferrell, Shannon,1
Ferrero, A.,1
Ferrero-Ferrero, I.,1
Fima, T. T.,1
Fiorentino, Fabio,1
Fisher, Oliver,1
Fong, A.,1
Foo, P.-Y.,1
Gao, Aiyun,1
Gao, Huiying,1
Gomes, Rachel L.,1
Gao, L.,1
Ghosh, S.,1
Ghrici, M.,1
Ghumman, A. R.,1
Gil, D.,1
Giordamlis, C.,1
Girnita, I.,1
Giubilato, E.,1
Glasziou, P. P.,1
Glicksman, L.,1
Gmach, D.,1
Lee, C. K. M.,1
Goedbloed, Albert,1
Lechevalier, D.,1
Goethals, Peter,1
Goffin, P.,1
Golafshani, Emadaldin Mohammadi,1
Le Cloirec, P.,1
Laurinec, Peter,1
Hemmelgarn, B. R.,1
Goltsev, V.,1
Gomes, C. P.,1
Ghosh, P.,1
Ghose, D. K.,1
Lee, C.-H.,1
García-Mateos, G.,1
Gao, R. X.,1
Gao, S.,1
Lee, H.,1
Gao, X.-C.,1
Gao, Y.,1
Garcia Roman, Carla,1
Garcia-Alonso, Carlos R.,1
García, J.,1
García-Alonso, C. R.,1
Gardas, B. B.,1
Ghaffari, M.,1
Garg, A.,1
Garofalo, Germana,1
Gates, T. K.,1
Lee, C.-Y.,1
Gavrilova; M. L.,1
Ge, Y.,1
Genaidy, A. M.,1
Gervasi; O.,1
Geyer, P.,1
Kumar, D. S.,1
Herricks, E. E.,1
Hendrawan, Y.,1
Jahankhani, Hamid,1
Jin, Ruoyu,1
Jin, Y.,1
Jin, Z.,1
Jithish, J.,1
Koley, E.,1
Joppa, L. N.,1
Koklukaya, E.,1
Jove, E.,1
Juan, Y.-K.,1
Junne, S.,1
K,1
Kabiri-Samani, A.,1
Kokkinos, K.,1
Kabisch, J.,1
Kabo-bah, Amos T.,1
Koichi, S.,1
Kadota, A.,1
Kafi, M.,1
Kalaji, H. M.,1
Kale, S. S.,1
Kalimeris, N.,1
Jin, G.,1
Konev, Georgai A.,1
Jiang, Y.,1
Jawahar, N.,1
Jahanpour, Ehsan,1
Jain, A.,1
Koppen; M.,1
Jalalian, A.,1
Kopal, R.,1
Jamli, M. R.,1
Jarabek, Tomas,1
Jarábek, T.,1
Javidi, Hamed,1
Koo, I.,1
Jiang, S.,1
Kongar, E.,1
Jeng, Shin-Ting (Cindy),1
Jenkins, B.,1
Jha, M. K.,1
Ji, C.,1
Ji, M.,1
Kong, Y.,1
Jiang, J.,1
Jiang, L.,1
Kaluđer, G.,1
Kaluđer, J.,1
Kamarudin, K.,1
Kim, Kwanho,1
Karthikeyan, R.,1
Kasmuri, N. H.,1
Kasprzyk, J. R.,1
Kim, S.,1
Kim, Kyoung-jae,1
Katz, Richard,1
Kawamura, A.,1
Kayakutlu, G.,1
Kayikci, Y.,1
Kellouche, Y.,1
Karalekas, D.,1
Kervyn, T.,1
Khachay, M.,1
Khaiter, P. A.,1
Khalili, I.,1
Khan, G. M.,1
Khan, Z.,1
Khanmohammadi, Mohammad Ali,1
Khosravi, V.,1
Khurana; R.,1
Kimes, D. S.,1
Karakayev, Aleks,1
Kamarudin, S. K.,1
Klein; C.,1
Kamis, M. S.,1
Kohl; H.,1
Kamthania, Deepali,1
Kang, C.,1
Kanlayanopakorn, N.,1
Kanokwareerat, N.,1
Kant, S.,1
Ko, Hoo Sang,1
Klepac, G.,1
Kaoukis, N.,1
Karakaya, N.,1
Kapelan, Z.,1
Kirilova, E.,1
Kirienko, D. A.,1
Kapinas, Vasileios M.,1
Kapsar, K.,1
Kimiagari, A. M.,1
Kar,1
Karaci, A.,1
Karagiannidis, George K.,1
Kostsikava, G. D.,1
Jahankhani, H.,1
Hentati, A.,1
Jahanbani, H.,1
Hossain, Md. F.,1
Hosseinian Far, Amin,1
Hosseinpour, S.,1
Hosseinpour, Soleiman,1
Kulkarni, C.,1
Hou, Z.,1
Houet, T.,1
Hovis, C.,1
Hrebicek, Jiri,1
Hsiao, Yin-Cheng,1
Hsu, Y.-H.,1
Hu, A.,1
Hu, B.-Q.,1
Hu, L.,1
Hu, Y.-N.,1
Kucukvar, Murat,1
Huang, B.,1
Kucukvar, M.,1
Huang, C.,1
Huang, Chiou-Jye,1
Huang, G. H.,1
Hosny, O.,1
Hoque, S.,1
Hong, T.,1
Herzberger, A.,1
Hern,1
Hernández, C. G.,1
Hernández-Guzmán, V. M.,1
Herrera-Ruiz, G.,1
Kilic, S.,1
Hervas-Martinez, Cesar,1
Hervás, J.,1
Kulkarni, S. A.,1
Kulkarni, S.,1
Higano, Y.,1
Honarvar, A. R.,1
Hilal, N.,1
Hittmar, Stefan,1
Hlásny, T.,1
Hnatushenko, V.,1
Ho, Li-Hsing,1
Hodgman, C.,1
Hodinka, Michal,1
Holmes, B.,1
Holmstrom, Delmar,1
Kubaha, Kuskana,1
Krüger, J.,1
Huang, K.,1
Ishida, S.,1
Ioannou, A.,1
Ioannou, P.,1
Ionut-Viorel, H.,1
Kouzmanova, M.,1
Isaranuwatchai, W.,1
Iseri, Y.,1
Kouris, P.,1
Kotzé, J. J.,1
Ishida, J.-I.,1
Ishihara, A.,1
Insa Franco, Ricardo,1
Ivanchenko, Alex,1
Izadi, M.,1
Izevbekhai, B. I.,1
Jaafar, O.,1
Jaber, F. H.,1
Jafari, S.,1
Jafarian, S.,1
Jafri, M. Z. M.,1
Kotelnikova, A.,1
Introna, V.,1
Kovacs, G.,1
Kruse, E.,1
Huh, S.-Y.,1
Huang, Q.,1
Huang, Yanbo,1
Kromer; P.,1
Hubert-Moy, L.,1
Hudak, S.,1
Krasteva, V.,1
Hueneke, H.,1
Koyee, R. D.,1
Huh, Jaeseok,1
Hwangbo, S.,1
Infield, E. H.,1
Hyser, C.,1
Hřebíček, J.,1
Iakovoglou, V.,1
Ibrahim, O.,1
Idris, M. S.,1
Iglesias, M. A.,1
Koyama, Masanori,1
Iliashenko, I.,1
Ilie, Constantin,1
Hussein, S. F. M.,1
Šiljić, A.,1
Fernández, P. M.,1
Benc, Antonin,1
Barutcu, Burak,1
Barzani, M. M.,1
Bastante, F.,1
Basu, C.,1
Bayir, R.,1
Bazbauers, G.,1
Beben, N.,1
Beh, E. H. Y.,1
Behnood, Ali,1
Belardinelli, Andrea,1
Ben Makhloufi, A.,1
Benchrifa, R.,1
Bianconi, Andre,1
Berezina, O. Y.,1
Berghorn, George H.,1
Bernus, Peter,1
Bert, Federico,1
Besalatpour, A. A.,1
Bettinger, P.,1
Beyca, Omer Faruk,1
Bhaduri, B.,1
Bhirud, S. G.,1
Bianchette, T. A.,1
Bianchi, F.,1
Bartulec, T.,1
Bardi, K.,1
Barba, L.,1
Bar, N.,1
Avila, C.,1
Avila-George, H.,1
Awolusi, T. F.,1
Ayat, H.,1
Aydin, H.,1
Aydin, M.,1
Aydinli, B.,1
Ayouche, S.,1
Ayuga-Tellez, E.,1
Azadi, Hossein,1
Aziz, N.,1
B,1
Babbar-Sebens, M.,1
Babel, M. S.,1
Bacon, Darren,1
Baklacioglu, T.,1
Baklanov, A.,1
Baladron, C.,1
Ball, G.,1
Bamrungwong, A.,1
Banerjee, P.,1
Bankaru-Swamy, S.,1
Bao, S.,1
Bianchini, M.,1
Bier, P.,1
Atoyebi, O. D.,1
Calvino, F.,1
Burkaltseva, D. D.,1
Burke, M.,1
Buruzs, A.,1
Cabezas, H.,1
Caglar, A.,1
Cai, H.,1
Cai, J.,1
Cai, M.-T.,1
Cai, X. T.,1
Cai, Yi,1
Cai, Z.,1
Calvo-Rolle, J. L.,1
Bigazzi, A.,1
Campos-Sanchez, F. S.,1
Cao, C.,1
Cao, M.,1
Cao, Y.,1
Caputo, Paola,1
Car-Pušić, D.,1
Carlier, E.,1
Carmona, F.,1
Carneiro, D.,1
Carro, B.,1
Carter, S.,1
Bulu, Melih,1
Bui, Dieu Tien,1
Buckeridge, J.,1
Buato, A.,1
Biggs, Trent,1
Biswal, J. N.,1
Bithell, M.,1
Blanke, Michael,1
Blazhevich, O. G.,1
Block, J.,1
Blumberga, A.,1
Blumberga, D.,1
Bolat, B.,1
Bolchim, P.,1
Bollen; P.,1
Bonakdari, Hossein,1
Bonsón, T.,1
Bos, J. W.,1
Bottani; E.,1
Boukhatem, B.,1
Boulkaibet, I.,1
Box, P.,1
Brasington, J.,1
Brebbia, C. A.,1
Bronner, G. D.,1
Brownson, R. C.,1
Bruzzone; A. G.,1
Aumi, T. I.,1
Ata, F.,1
Fernández Caballero, J. C.,1
Ahmad, Z.,1
Adhikari; B.,1
Adritsos, I.,1
Afsarian, Fatemeh,1
Agathokleous, A.,1
Agell, N.,1
Aghajani, M.,1
Aghbashlo, M.,1
Aghbashlo, Mortaza,1
Aguejdad, R.,1
Aguiar, J.,1
Ahmad, Ijaz,1
Ahmed, I.,1
Al-Dulaimi, G.,1
Ahn, Hyunchul,1
Ai, S.,1
Ai, T.,1
Aihara, K.,1
Akpoti, Komlavi,1
Akram, Asadolah,1
Aktepe, A.,1
Al Masud, Md. Mahedi,1
Al Thamiry, H.,1
Al-Abri, M.,1
Al-Ansari, Nadhir,1
Adelson, P.,1
Adeloye, A. J.,1
Adeli, H.,1
Adarnowski, Jan F.,1
, Shahaboddin,1
A.M.A.C; Rocha,1
Abarca-Alvarez, F. J.,1
Abbasi, Ahmed,1
Abbaspour, A.,1
Abdel-Aleem, M.,1
Abdelaziz, F. B.,1
Abdellatif, M.,1
Abdullah, A. H.,1
Abdullah, M. T.,1
Abdullah, S. R. S.,1
Abdullah, S. S.,1
Abdullah, Z.,1
Abdullahi, Saleh,1
Aboulaich, R.,1
Abshirini, A.,1
Acevedo-Juárez, B.,1
Acharjya, D. P.,1
Acutis, M.,1
Adami, M.,1
Adamou, A.,1
Adamowski, J.,1
Adamowski, J. F.,1
Al-Bugharbee, H.,1
Al-Musaylh, Mohanad S.,1
Astray, G.,1
Ardabili, Sina Faizollahzadeh,1
Androjić, I.,1
Angulo, C.,1
Anitha, A.,1
Antelo, L. T.,1
Antsev, V.,1
Antunes, C. H.,1
Aoun-Sebaiti, B.,1
Aoyama, A.,1
Apduhan; B. O.,1
Apipattanavis, Somkiat,1
Araromi, D. O.,1
Arunagiri, A.,1
Al-Oqla, F. M.,1
Aryafar, A.,1
Asadi, E.,1
Asano, H.,1
Asgari, A.,1
Ashiq, S. Z.,1
Ashiquzzaman, A.,1
Ashok, A.,1
Ashour, A. S.,1
Aslan-Sungur, G.,1
Aslani, P.,1
Asokan, P.,1
Andrews, W. S.,1
Anderlini, Luca,1
Ambelu, Argaw,1
Amarasinghe, K.,1
Alaya, H.,1
Albostan, Aslihan,1
Albrecht, Conan,1
Alhalabi, Wadee,1
Ali, H.,1
Ali, Haider,1
Ali, J.,1
Ali, M.,1
Alic, C.,1
Alizadeh, M.,1
Alkhaddar, R. M.,1
Allakhverdiev, S. I.,1
Allam, Zaheer,1
Almeida, N.,1
Alonso, A. A.,1
Alonso-Almeida, M. D. M.,1
Alshamrani, Othman Subhi,1
Alshibli, M.,1
Altintas, I.,1
Altunkaynak, A.,1
Altunkaynak, Abdusselam,1
Amaguchi, H.,1
Amani, F.,1
Casado, A. M.,1
Casey, M.,1
Castaño, V. M.,1
Dorworth, L.,1
Do, Q. V.,1
Dockthaisong, B.,1
Dolgonosov, B. M.,1
Dolovich, L. R.,1
Domingo, M.,1
Dong, C.-S.,1
Dong, M.-H.,1
Dong, Xiaohua,1
Donnellan; B.,1
Donough, C.,1
Dooley, J.,1
Dos Santos, L. M.,1
Eason, T. N.,1
Doulati Ardejani, F.,1
Downs, N. J.,1
Drugarin, C. V. A.,1
Du, J.,1
Du, Z.,1
Du, Zhenhong,1
Duan, L.,1
Duan, T.,1
Duan, Y.-J.,1
Dubey, R.,1
Dupas, P.,1
Djabri, L.,1
Dismukes, D. E.,1
Diop, L.,1
Digiesi, S.,1
De Melo, J.G., Jr.,1
De Rose, Raffaele,1
De Souza Farias, F.,1
De, A.,1
DeRousseau, M. A.,1
Deb, Chirag,1
Debruyne; C.,1
Del Moral Hern,1
Delgado, J.,1
Deligianni, A.,1
Demian, D.,1
Demir, V.,1
Deng, X.,1
Deng, Xiaozhong,1
Deng, Y.,1
Deo, Ravinesh,1
Dey, N.,1
Dey, P. K.,1
Dhunny, Zaynah A.,1
Di Iorio, E.,1
Diamantoulakis, Panagiotis D.,1
Dias, L.,1
Diaz, Andres,1
Dutta, S.,1
Easterling, William,1
Casteleiro-Roca, J.-L.,1
Farias, F. S.,1
Esmaeelzade, S.,1
Evrendilek, F.,1
Fadlalla, A.,1
Fairclough, L.,1
Falah, Fatemeh,1
Falvo, M. C.,1
Fan, H.,1
Fan, L.-L.,1
Fang, G.,1
Fang, Y.,1
Far, A. H.,1
Farid, N. M.,1
Eboule, P. S. P.,1
Farzad, A.,1
Farzinmoghadam, M.,1
Faur-Brasquet, C.,1
Fauzy, M. R.,1
Fedriani, E. M.,1
Felicetti, Alberto Michele,1
Felicetti, Carmelo,1
Felicísimo, A. M.,1
Feng, Qi,1
Fenza, Giuseppe,1
Fern,1
Eshghizadeh, H. R.,1
Esf,1
Escrig-Olmedo, E.,1
Ervural, Beyzanur Cayir,1
Ebtehaj, Isa,1
Echavarria, Pilar,1
Eckenfelder, Jr., W. W.,1
Edwards, A.,1
Efkolidis, N.,1
Eisseler, R.,1
El Sayed, A.,1
El-Shafie, A. H.,1
El-Zafarany, A.,1
ElSobki Jr., M. S.,1
Elahi, E.,1
Elevado, K. J. T.,1
Elhakeem, A.,1
Elias, M. F. M.,1
Ellaia, R.,1
Elzarka, H.,1
Emmanouloudis, D.,1
Emoto, H.,1
Lehr, J.,1
Erechtchoukova, M. G.,1
Erjongmanee, S.,1
Ermon, S.,1
Ersoz, S.,1
De La Rey, A.,1
De Fuentela, D.,1
Davies, N. E.,1
Chen, Quan,1
Chawla, N. V.,1
Chen, B.,1
Chen, Chun-Hsien,1
Chen, D.,1
Chen, D.-L.,1
Chen, G.,1
Chen, H.,1
Chen, H.-K.,1
Chen, J.,1
Chen, J.-P.,1
Chen, Qian,1
Chen, S.,1
Davies, J.,1
Chen, T.,1
Chen, Yu-Tso,1
Chen, Z.,1
Cheng, Hong,1
Cheng, Y.,1
Chernev, P.,1
Cheung, K. Y.,1
Chi, H.,1
Chiamsathit, C.,1
Chiawwattana, N.,1
Chibelushi, C. C.,1
Chaves-Maza, M.,1
Chau, Kwok-wing,1
Chau, K.-W.,1
Chattopadhyay, P. B.,1
Castellanos, A.,1
Castrox, W.,1
Castryck, W.,1
Catani, F.,1
Cavallaro, F.,1
Celeste, Alcigeimes Batista,1
Celestino, Jr., Joaquim,1
Cerda, Artemi,1
Cesarotti, V.,1
Ch,1
Chaisalee, D.,1
Chakrabarty, A.,1
Chakraborty, D.,1
Chakraei, I.,1
Chambers, D. A.,1
Champagne, Catherine,1
Chan, H. F.,1
Chang, Danni,1
Chang, F.-J.,1
Chang, Li-Chung,1
Chapman, R.,1
Charalambous, B.,1
Chatterjee, S.,1
Chinarro, D.,1
Chintanapatumporn, S.,1
Cho, K.,1
Coules, A.,1
Crane, C.D., I. I. I.,1
Creber, K. A. M.,1
Critto, A.,1
Crowley, D. E.,1
Csete, M.,1
Cui, Hantao,1
Dadak, A.,1
Dafopoulos, V.,1
Dai, H.-N.,1
Dai, N.,1
Daim, T.,1
Dale, D. S.,1
Dalgaard, Tommy,1
Damerow, Lutz,1
Danso-Amoako, E.,1
Darzi-Naftchali, A.,1
Das, D.,1
Das, L.,1
Das, S. K.,1
Dash, Y.,1
Datta, B.,1
Davidsen, P. I.,1
Davies, I. E. E.,1
Coy, S. P.,1
Cougnaud, A.,1
Choi, E.,1
Coughlan, P.,1
Chongfa, C.,1
Choubin, B.,1
Chu, Lianyu,1
Chui, Kwok Tai,1
Chvátalová, Z.,1
Cinar, D.,1
Ciuciu; I.,1
Coble, Keith H.,1
Cohen, C. J.,1
Cohen, Paul H.,1
Colella, Sabrina,1
Colmenarejo, R.,1
Comşa, I. S.,1
Conti, L.,1
Conto, F.,1
Cook, D.,1
Cook, S.,1
Coops, Nicholas C.,1
Corcoran, L.,1
Cosmo, L.,1
Costa, Gaia,1
Costa, R.,1
Cotrumba, Mirela Rodica,1
Engl,1
Liu, N.,1
Leitao, Paulo,1
Syal, Matt,1
Sun, Run-Cang,1
Sun, X.,1
Sun, Y.,1
Sun, Yurui,1
Sun, Z.,1
Sung, Y.,1
Suryanarayana, V.,1
Sutan, S. M.,1
Sutthichaimethee, P.,1
Sutthichaimethee, Pruethsan,1
Suykens, J.,1
Sánchez, M.,1
Leke, C.,1
Tabatabaei, M.,1
Tabatabaei, Meisam,1
Tabatabaie, M. R. M.,1
Taboada, J.,1
Talón, J. L. H.,1
Tan, G. W.-H.,1
Tan, K. C.,1
Tang, L.,1
Tang, Y.,1
Tangpuk, S.,1
Taniar; D.,1
Sun, Na,1
Sun, Guo-Tao,1
Sun, Alex,1
Sulaiman, S. O.,1
Squires, J. E.,1
Sreekanth, J.,1
Sri-Intra, S.,1
Srinivasan, D.,1
Srubar, III, W. V.,1
Stahl, A.,1
Starly, Binil,1
Stefanov, D.,1
Stelfox, H. T.,1
Stencl, Michael,1
Stojković Piperac, M.,1
Strasser, R. J.,1
Straus, S. E.,1
Strauss, A.,1
Strifler, L.,1
Stroeve, P.,1
Stunz, G. W.,1
Su, Bo-Yu,1
Su, G.-S.,1
Su, J.,1
Su, S.,1
Subramanian, N.,1
Sujova, Andrea,1
Tanmon, W.,1
Tao, Hai,1
Tapir, S. H.,1
Tsai, W.-P.,1
Turan, O.,1
Turkin, Vladimir A.,1
Turčáni, M.,1
Tushar, A. K.,1
Tutsch, D.,1
Ucar, F.,1
Udomsri, J.,1
Umam, C.,1
Ushada, M.,1
Usman, F.,1
Uyaroʇlu, Y.,1
Vadineanu, A.,1
Vaklieva-Bancheva, N.,1
Valdez-Morones, T.,1
Valente, D. S. M.,1
Valkenberg, A. J.,1
Van Der Weijden, T.,1
Van Hamburg, H.,1
Van Heerden, D.,1
Van Passel, Steven,1
Vance, Anthony,1
Vanin, A.,1
Varkonyi-Koczy, Annamaria R.,1
Tunckaya, Y.,1
Tsai, S.-B.,1
Taranut, N.,1
Trujillo, J.,1
Taslimi Renani, E.,1
Tatari, O.,1
Tatiya, Amol,1
Tayyab, Muhammad,1
Teegavarapu, Ramesh S. V.,1
Temur, G. T.,1
Thamvechvitee, P.,1
Thangavelu, V.,1
Thomaes, A.,1
Thompson, K.,1
Tissot, P.,1
Torre; C.,1
Torres, C. M. M. E.,1
Torres-Jimenez, Mercedes,1
Toval, A.,1
Treitz, P.,1
Trejo-Perea, M.,1
Trenz, Oldrich,1
Trevathan, Jarrod,1
Triana, E.,1
Tricco, A. C.,1
Trindade, Jorge,1
Tripathi, N. K.,1
Spring, R.,1
Spencer, M.,1
Sousa, V.,1
Santos, F. L.,1
Saranga, A. M. Hashini,1
Saranga, H. A. M.,1
Sargolzaei, A.,1
Sarhan, A. A. D.,1
Satish P,1
Sattin, M.,1
Sawattanakit, N.,1
Sbordone, D.,1
Scaccianoce, G.,1
Scarabel, L.,1
Scardi, M.,1
Schaefer; G.,1
Schiessl, S.,1
Schlueter, A.,1
Schlüter, M.,1
Schmauder, S.,1
Schmoldt, Daniel L.,1
Scholz, M.,1
Schwanenberg, Dirk,1
Schwertner, N.,1
Schütze, N.,1
Seidi, M.,1
Seliger; G.,1
Sapuan, S. Z.,1
Santos, C. A. G.,1
Serapiao, Adriane B. S.,1
Santolamazza, A.,1
Sabharwall, P.,1
Sabharwall, Piyush,1
Sacile, R.,1
Sadeck, L. W. R.,1
Sahni; S.,1
Sajdlová, T.,1
Sakti, I. M.,1
Salee, W.,1
Salimi, Mohsen,1
Salit, M. S.,1
Sallis, P.,1
Samad, S.,1
Samadi, Hamidreza,1
Samantaray, S.,1
Sami, A.,1
Samples, K.,1
Sanchez-Esguevillas, A.,1
Sanchez-Medina, A.,1
Sanchez-Monedero, Javier,1
Sanikhani, H.,1
Sanjuan, M.,1
Sankaran, S.,1
Santojanni, Alberto,1
Seminar, K. B.,1
Seshadri; H.,1
Soufiyan, Mohamad Mojarab,1
Silva, Fabyano F.,1
Simić, S. B.,1
Simić, V. M.,1
Simoes de Farias, Camilo Allyson,1
Simón, S.,1
Singaravel, S.,1
Singh, V. B.,1
Singh, V. S.,1
Sitthiwasuwat, T.,1
Slaymaker, O.,1
Slota, A.,1
Smith, D. W.,1
Snasel; V.,1
Sneeuw, N.,1
Snowdon, R. J.,1
Sobh, T. M.,1
Solahudin, M.,1
Soliman; K. S.,1
Soltani, Milad,1
Som, A. M.,1
Song, S.,1
Song, Z.,1
Sorokin, P.,1
Soto, B.,1
Silva, M. G. D.,1
Si, Jianhua,1
Seth, Dinesh,1
Shukor, S. A.,1
Seto, K. C.,1
Sha, J.,1
Shah, Kwok Wei,1
Shakaff, A. Y. M.,1
Shamim, M. A.,1
Shamshirb,1
Shang, Jiali,1
Shang, Zhiwen,1
Shanmuganathan, S.,1
Shao, H.,1
Shao, J.,1
Sheehan, N. P.,1
Shi, D.,1
Shi, Hongbo,1
Shi, Z. H.,1
Shinde, V. R.,1
Shipley, M. F.,1
Shipley-Lozano, J. B.,1
Shiri, J.,1
Shoaib, M.,1
Shobeirinejad, Ameneh,1
Shrivastava, A.,1
Shrivastava, R. L.,1
Vashistha, R.,1
Vasyliev, V.,1
Venayagamoorthy, G. K.,1
Zhang, Jisong,1
Zhang, M.,1
Zhang, Mingzhu,1
Zhang, Q.,1
Zhang, Tianyi,1
Zhang, W.,1
Zhao, Dong,1
Zhao, G.,1
Zhao, H.,1
Zhao, J.,1
Zhao, M.,1
Zhao, Mingbo,1
Zhao, P.,1
Zhao, X.,1
Zhao, Yinghua,1
Zheng, G.-J.,1
Zheng, J.,1
Zheng, Ji-Lu,1
Zheng, L.,1
Zheng, Y.,1
Zhong, M.,1
Zhou, H.,1
Zhou, Hong,1
Zhou, J.,1
Zhang, L.,1
Zhang, Jiaxing,1
Zhou, R.,1
Zhang, Jianlei,1
Zaim, Selim,1
Zaimes, G. N.,1
Zainuddin, N. H.,1
Zajac, J.,1
Zakaria, A.,1
Zakariya, R.,1
Zangeneh, Morteza,1
Zavadskas, E. K.,1
Zayed, T.,1
Zejli, D.,1
Zekri, M.,1
Zemliakov, G. V.,1
Zeng, G.,1
Zeng, M.,1
Zeng, X.,1
Zhai, X.,1
Zhai, Xiaojun,1
Zhai, Yuming,1
Zhai, Z.,1
Zhang, B.,1
Zhang, C.,1
Zhang, Fan,1
Zhang, Feng,1
Zhou, Jianzhong,1
Zhou, Ye,1
Zabeo, A.,1
ekas, D.,1
er J.,1
er Y.,1
es, M.,1
ez, E.,1
ez, L.,1
ez, Pablo,1
ian, G.,1
iari, M.,1
il, B.,1
ish, F.,1
o, Samodha C.,1
oval-Solis, S.,1
r B.,1
ra, Coman,1
ramouli, V.,1
ran, R.,1
ridis, K.,1
rov, V.,1
van Binsbergen, A. J.,1
van Lint, J. W. C.,1
van Overloop, Peter-Jules,1
y, G. C.,1
Şahin, M.,1
er A.,1
e, Jr., A. J.,1
Zhu, C.-Q.,1
de la Rosa, D.,1
Zhu, H.-B.,1
Zhu, Ming-Qiang,1
Zhu, Ya-Hong,1
Zileska Pancovska, V.,1
Zileska-Pancovska, V.,1
Zott, J. P.,1
Zou, D.-S.,1
Zou, L.,1
Zubaidi, S. L.,1
Zuo, W.-R.,1
Zwart, S,1
a, A.,1
a, D. K.,1
a, R.,1
ar,1
asamy, J.,1
bafha, H.,1
bafha, Homa,1
da Costa, Aline Carvalho,1
de Jesus, V. A. M.,1
de Lima Neto, F. B.,1
de Lima, A. M. M.,1
de la Fuente, D.,1
Zaharieva, I.,1
Yuan, Z.,1
Venkataiah, V.,1
Wang, Y.-C.,1
Watson, M. D.,1
Watson, Nicholas,1
Watts, Michael J.,1
Weaver, J.,1
Weber, Elke,1
Wei, Y.,1
Weijun, C.,1
Weinstein, J.,1
Wen, X.,1
Wen, Xiaohu,1
Weng, M.,1
Whitfort, T.,1
Whyte, J.,1
Wibisono, Y.,1
Wichetthammasak, R.,1
Widodo, S.,1
Wilde, W. J.,1
Wipoosanawan, W.,1
Wolfram, E.,1
Wu, B.,1
Wu, D.,1
Wu, W.-H.,1
Wu, Z. Y.,1
Watson, B. M.,1
Wang, T.,1
Xia, J.,1
Wang, S.-Z.,1
Ventura, Ricardo V.,1
Vercauteren, F.,1
Vermaak, A.,1
Veroniki, A. A.,1
Verriello, R.,1
Vijay; V. V.,1
Villalba, P.,1
Vimal, K. E. K.,1
Vinu Ch,1
Vladova, R.,1
Vorobyov, Y. N.,1
Vouk, D.,1
Voyant, Cyril,1
Vukovic, Z.,1
Vun Vui Ho, P.,1
Wagen, J.-F.,1
Wang, C.-K.,1
Wang, F.,1
Wang, G.,1
Wang, Hengjian,1
Wang, P.,1
Wang, Q.,1
Wang, R.,1
Xi, J.,1
Xia, L.,1
Yuan, X.,1
Yao, C.,1
Yao, Runming,1
Yao, X. A.,1
Yaseen, Zaher Mundher,1
Yatim, J. M.,1
Yazdani, M.,1
Ye, F.,1
Ye, X.,1
Ye, Xinyue,1
Yehia, A. M.,1
Yi, J. C.,1
Yin, J.,1
Yin, Zhenliang,1
Yoo, C.,1
Yordanov, I.,1
You, J.,1
Younesi, H.,1
Yousefi, S.,1
Yu, B.,1
Yu, J.,1
Yu, Wei,1
Yu, Y.,1
Yuan, J.,1
Yuan, Q.,1
Yao, H.,1
Yang, Zong-chang,1
Xiang, H.,1
Yang, Zong-Chang,1
Xiao, H.,1
Xiao, R.,1
Xing, S.,1
Xiong, Y.,1
Xu, F.,1
Xu, L.,1
Xu, W.-H.,1
Xu, Y.,1
Xu, Y. J.,1
Xu, Z.,1
Xue, Y.,1
Yadav; S. K.,1
Yalcintas, Murat,1
Yam, R. S. W.,1
Yanez, E. R.,1
Yang, B.,1
Yang, F.-L.,1
Yang, H. L.,1
Yang, Hangzhou,1
Yang, Junjing,1
Yang, Linshan,1
Yang, S.,1
Yang, W.,1
Saber, Aniseh,1
Saad, F. S. A.,1
S,1
Miklos, C.,1
Milori, D. M. B. P.,1
Milošević, D.,1
Mimet, A.,1
Miniño, I.,1
Miozzo, M.,1
Miquelino Eleto Torres, C. M.,1
Mirzaei, Parham A.,1
Mishin, A.,1
Mishra, Ashok K.,1
Mishra, P. D.,1
Mishra, S. K.,1
Misra; S.,1
Ml, U.,1
Moh,1
Mohamed, H. M.,1
Mohammadi, Farnoush,1
Mohan, B. K.,1
Mohanty, R.,1
Mohanty, S.,1
Mohsin, F.,1
Mohtasebi, S. S.,1
Mohtasebi, Seyed Saeid,1
Mojaddadi, Hossein,1
Millan-Lara, Salud,1
Mihunov, V.,1
Momeni, M. S.,1
Miguel Nava, Jose,1
Matos, J. S.,1
Matías, J. M.,1
Mayol, F.,1
Mazid, A. M.,1
Mbuli, N.,1
Mbuvha, R.,1
McCullagh, J.,1
McGowan, J.,1
McKee, J.,1
McLoone, S.,1
McNabola, A.,1
McNairn, Heather,1
Md. Rejaur, R.,1
Meersman; R.,1
Mejuto, J. C.,1
Mele, P. M.,1
Melnic, Lucia Violeta,1
Melo Junior, J. G. D.,1
Mendez Perez, J. A.,1
Menendez, Angel,1
Menhaj, M. B.,1
Merkuryev; Y.,1
Meyer, W. J.,1
Mojdehi, M. N.,1
Momeni, Mohammad Sadegh,1
Mathioudaki, A.,1
Munasinghe, K. S.,1
Munkhdalai, Tsendsuren,1
Muqodas, A. U.,1
Murase, H.,1
Murgante; B.,1
Murray, K.,1
Mustafa, H.,1
Mustafa, Y. T.,1
Muñoz-Torres, M. J.,1
Nabavi-Pelesaraei, A.,1
Nabavi-Pelesaraei, Ashkan,1
Naeem, U. A.,1
Nag, S.,1
Nagar, S.,1
Nagaratna, M.,1
Naghibi, Seyed Amir,1
Nagy, Z.,1
Naidenov, V. I.,1
Najafpour, G.,1
Nam, K.,1
Namsrai, Oyun-Erdene,1
Narkhede, B. E.,1
Narra, S.,1
Narwane, V. S.,1
Munkhdalai, Lkhagvadorj,1
Mukhopadhyay, S.,1
Momoh, J.,1
Mukherjee, C. K.,1
Mondal, A.,1
Moni, Nurun Naher,1
Moniri, M.,1
Monno, M.,1
Moore, J. E.,1
More, S.,1
Moreno, J. A.,1
Morgado, Paulo,1
Morgan, M. Y.,1
Morgenthal, T.,1
Moridi, A.,1
Morita, K.,1
Morota, Gota,1
Mosavi, Amir,1
Moselhi, O.,1
Mostafa, M. M.,1
Mostafavi, N.,1
Motalleb Nejad, M.,1
Moura dos Santos, Andre Luiz,1
Moustakas, N. G.,1
Mozgovoy, D.,1
Mozumder, C.,1
Mršić, L.,1
Matos, J. P.,1
Mat Saman, M. Z.,1
Nath, K.,1
Lim, V.,1
Limpanachaipornkul, S.,1
Limprachaya, S.,1
Limsakul, C.,1
Lin, Xiaowei,1
Lis, R.,1
Liu, K.-B.,1
Liu, L.,1
Liu, Lu,1
Şimşir, M.,1
Liu, R.,1
Liu, Renyi,1
Liu, Ryan Wen,1
Liu, W.,1
Lloret, J.,1
Lo, K. W.,1
Lobell, D.,1
Lock, Koen,1
Loia, Vincenzo,1
Lola, M. S.,1
Longo; F.,1
Lopez, D.,1
Lopez-Wilson, Y.,1
Lotz, T.,1
Lim, Y. L.,1
Lim, Seongmin,1
Lu, Yao,1
Lim, H. S.,1
Letson, David,1
Levine, E. R.,1
Lezanski, P.,1
León-Soriano, R.,1
Li, Baizhan,1
Li, Chao,1
Li, Chunjie,1
Li, F.,1
Li, G.,1
Li, H.-L.,1
Li, Haijiang,1
Li, Hongmei,1
Li, J.,1
Li, R. Y. M.,1
Li, S.,1
Li, X. X.,1
Li, Yan,1
Li, Yongqiang,1
Liang, C.-X.,1
Liang, L.,1
Liang, Y. C.,1
Liau, Y.,1
Lidia-Elena, A.,1
Loy-Benitez, J.,1
Lu, Yuhao,1
Masnan, M. J.,1
Manly, Bryan F. J.,1
Maraseni, T.,1
Marcenaro, L.,1
Marchi, N.,1
Marcinekova, Katarina,1
Marcomini, A.,1
Mardani, A.,1
Marimuthu, U.,1
Marino, D. L.,1
Marius, P.,1
Maroufpoor, S.,1
Marović, I.,1
Martin, R.,1
Martin-Neto, L.,1
Martinelli, Michela,1
Martinez Fern,1
Martinez de Pison Ascacibar, E.,1
Martinez de Pison Ascacibar, F. J.,1
Martinez, E.,1
Martinez-Vega, Javier,1
Martirano, L.,1
Maru, Y.,1
Marwala, T.,1
Mascanzoni, E.,1
Maporn, N.,1
Manisha, P. J.,1
Lucka, Maria,1
Manic, Milos,1
Lucká, M.,1
Luján-Mora, S.,1
Luo, H.-Y.,1
Macht, G. A.,1
Maciel Filho, Rubens,1
Maes, D.,1
Magafas, L.,1
Maggini, M.,1
Mahdian, M. H.,1
Maher, I.,1
Mahmood, S.,1
Mahmoudabadi, H.,1
Mahmud, S. A.,1
Maier, H. R.,1
Majumdar, S. R.,1
Malekian, A.,1
Malik, A.,1
Mallon; J.,1
Mamduh, S. M.,1
Manahiloh, K. N.,1
Manahiloh, Kalehiwot Nega,1
Manfren, Massimiliano,1
Mangla, S. K.,1
Nataraajan, R.,1
Navickas, K.,1
Ríos-Moreno, G. J.,1
Pérez-Ortiz, M.,1
Qiang, Y.,1
Qiang, Yi,1
Qin, J.,1
Qin, Y.,1
Quintián, H.,1
Rabczuk, Timon,1
Rachid, A.,1
Rachid, T.,1
Rafiee, S.,1
Rafiee, Shahin,1
Rahman, A.,1
Rahman, S. M.,1
Rahmati, Omid,1
Raja, A.,1
Rajagopalan, Balaji,1
Rajendran, A.,1
Rajitha, K.,1
Ramal, M. M.,1
Ramlee, M. N. A.,1
Rangarajan, R.,1
Rashidi, J.,1
Raso, Cinzia,1
Rastogi, A. K.,1
Qian, J.,1
Pérez-Espinosa, H.,1
Rauterberg, M.,1
Putz, G.,1
Pongtemsuk, J.,1
Ponniah, V.,1
Poolla, C.,1
Popelka, Ondrej,1
Popović, I.,1
Porcu, Laura,1
Posada, J.,1
Pour, A. B.,1
Pourzangbar, Ali,1
Povrenović, D. S.,1
Pradhan, B.,1
Pradhan, Biswajeet,1
Prasad, R. K.,1
Prasad; S. K.,1
Prepas, E. E.,1
Presseau, J.,1
Pretorius, J. H. C.,1
Priyadarshinee, P.,1
Prodanuks, T.,1
Pucci, A.,1
Puhart, A. A.,1
Pukl, R.,1
Pulcinella, Jacopo,1
Raut, R. D.,1
Rawat, Sarvesh,1
Podesta, Guillermo,1
Rivera-Lirio, J. M.,1
Robertson, A.,1
Rodriguez C.; Gomez J. B.,1
Rodríguez, F. B.,1
Rodríguez, N.,1
Rogan, J.,1
Román, C. G.,1
Ronay, A. K.,1
Rong, X.,1
Roseanu, S.,1
Rosenberg, S.,1
Rosenman, M.,1
Rossi, M.,1
Routray; S.,1
Rowl,1
Roy Chowdhury, P. K.,1
Roy, T.,1
Ruano, L.,1
Ruben, R. B.,1
Rusch, Hannes,1
Rusu Anghel, S.,1
Ryu, K.,1
Ryu, Keun Ho,1
Rêgo, L. J. S.,1
Rizzo, E.,1
Rivera, Elmer Ccopa,1
Ray, S.,1
Rivas-Araiza, E. A.,1
Razali, C. M. C.,1
Reams, M.,1
Rebelo, E. M.,1
Recknagel, F.,1
Red'Kin, A.,1
Redžić, N.,1
Regazzoni, C.,1
Rehman, Minhaj Ahemad,1
Rehman, S.,1
Reichert, Gordon,1
Reinoso-Bellido, R.,1
Revathi, P.,1
Reynard, K.,1
Reynolds, Keith M.,1
Reynolds, M.,1
Reza, F.,1
Rezaei, F.,1
Ribeiro, Luis,1
Ribes, E.,1
Rigley, Martin,1
Ritchie, S.,1
Ritchie, S. G.,1
Rivas, R.,1
Polous, A.,1
Ploae, Catalin,1
Navickiene, R.,1
Okada, M.,1
Olabi, Abdul Ghani,1
Olanrewaju, C. C.,1
Olanrewaju, O. A.,1
Olsthoorn, Dave,1
Omid, M.,1
Omid, Mahmoud,1
Omran, Behzad Abounia,1
Onori, Mauro,1
Onoz, Bihrat,1
Ooi, K.-B.,1
Opp, C.,1
Ordonez de Pablos, Patricia,1
Ordóñez, C.,1
Ordóñez, T.,1
Orte, P. F.,1
Ortega-Martorell, S.,1
Oshri, B.,1
Osipov, V.,1
Osman, Z. H.,1
Ottanà, M.,1
Ouammi, A.,1
Ouellette, C.,1
Ouf, M. S.,1
Okayama, T.,1
Oh, S.,1
P,1
Ogunbiyi, O. O.,1
Nazeer, M.,1
Nebot, A.,1
Nebot, À.,1
Negnevitsky, M.,1
Nejad, Mohammad Motalleb,1
Neves, J.,1
Nezami, A.,1
Ngah, I.,1
Nguyen, M.,1
Nie, Y.,1
Niebuhr, C.,1
Nilashi, M.,1
Nkala, Peter,1
Noei, S.,1
Nof, Shimon Y.,1
Nogueira, A. R. D. A.,1
Nour, M. H.,1
Novais, P.,1
Novák, D.,1
Nubsuwan, S.,1
Nwaogu, Chukwudi,1
Obanijesu, E. O.,1
Oberthür, T.,1
Ouyang, Z.-Y.,1
Pace, R. K.,1
Plante, L.,1
Patil, S. S.,1
Pazira, E.,1
Pechanec, Vilem,1
Pekol, S.,1
Pelaez, A.,1
Pellegrini, G.,1
Peng, Chi-Feng,1
Peng, H.,1
Peponi, Angeliki,1
Perego, A.,1
Perić-GRUJIĆ, A. A.,1
Perić-Grujić, A.,1
Petronela, L. R.,1
Petrović, A.,1
Petrovski, A.,1
Petrovski, Aleks,1
Petrusheva, Silvana,1
Phalle, V. M.,1
Pickett, C.,1
Piera; M. A.,1
Pimenidis, E.,1
Pimenidis, Elias,1
Piovesan, N.,1
Pizzol, L.,1
Paulraj, M. P.,1
Patil, P. S.,1
Paeng, Bohyung,1
Pathak, M.,1
Pan, H.,1
Pan, S.,1
Pancovska, Valentina Zileska,1
Panetto; H.,1
Pang, Sally Shuk Han,1
Panigrahi, B. K.,1
Panmungmee, C.,1
Panneerselvam, John,1
Pannereselvam, J.,1
Panomrit, A.,1
Panozzo, S.,1
Pantoja, O.,1
Papageorgiou, E.,1
Park, Inbeom,1
Park, Jonghun,1
Parra, X.,1
Parreño, J.,1
Parvizi, Y.,1
Pasha, G. A.,1
Pasynkov, M.,1
Patel, Ahmed,1
Patel, S.,1
Patel, S. K.,1
, J.,1
